Workbook
Name Category: Cleaned_Data!$G$2:$G$21
Name Cities: Table6[[#All],[Column1]]
Name City: Cleaned_Data!$E$2:$E$21
Name Customer_G: Table5[[#All],[Column1]]
Name Customer_Group: Cleaned_Data!$D$2:$D$21
Name Customer_N: Table4[[#All],[Column1]]
Name Customer_Name: Cleaned_Data!$C$2:$C$21
Name Line_Total: Cleaned_Data!$J$2:$J$21
Name Net_Price: Cleaned_Data!$I$2:$I$21
Name Order_Date: Cleaned_Data!$B$2:$B$21
Name Order_ID: Cleaned_Data!$A$2:$A$21
Name Order_Quantity: Cleaned_Data!$H$2:$H$21
Name Payment_Status: Cleaned_Data!$K$2:$K$21
Name Product_N: Table7[[#All],[Column1]]
Name Product_Name: Cleaned_Data!$F$2:$F$21
Name Slicer_Category: #N/A
Name Slicer_City: #N/A
Name Slicer_Loyalty_Rank: #N/A
Name Timeline_Order_Date: #N/A

Sheet Cleaned_Data
A1: Order_ID | B1: Order_Date | C1: Customer_Name | D1: Customer_Group | E1: City | F1: Product_Name | G1: Category | H1: Order_Quantity | I1: Net_Price | J1: Line_Total | K1: Payment_Status | L1: Standard_Price | M1: Price_Gap | N1: Loyalty_Rank
A2: SO001 | B2: 46082 | C2: Siêu thị WinMart | D2: Wholesale | E2: Hà Nội | F2: Cà Phê Arabica Cầu Đất | G2: Coffee | H2: 3 | I2: 5000000 | J2: 15000000 | K2: Paid | L2: =_xlfn.XLOOKUP(Sales_Table[[#This Row],[Product_Name]], Price_List[Product_Name], Price_List[Standard_Price], 0) -> 180000 | M2: =Sales_Table[[#This Row],[Net_Price]] - Sales_Table[[#This Row],[Standard_Price]] -> 4820000 | N2: =_xlfn.XLOOKUP(Sales_Table[[#This Row],[Customer_Name]],Calculations!$A$2:$A$6,Calculations!$C$2:$C$6) -> Diamond
A3: SO002 | B3: 46083 | C3: Đại lý Trung Nguyên | D3: Wholesale | E3: Buôn Ma Thuột | F3: Cà Phê Robusta Honey | G3: Coffee | H3: 2 | I3: 3500000 | J3: 7000000 | K3: Unpaid | L3: =_xlfn.XLOOKUP(Sales_Table[[#This Row],[Product_Name]], Price_List[Product_Name], Price_List[Standard_Price], 0) -> 150000 | M3: =Sales_Table[[#This Row],[Net_Price]] - Sales_Table[[#This Row],[Standard_Price]] -> 3350000 | N3: =_xlfn.XLOOKUP(Sales_Table[[#This Row],[Customer_Name]],Calculations!$A$2:$A$6,Calculations!$C$2:$C$6) -> Gold
A4: SO003 | B4: 46084 | C4: Cửa hàng H-Tea Q1 | D4: Retail | E4: TP.HCM | F4: Trà Oolong Thượng Hạng | G4: Tea | H4: 2 | I4: 250000 | J4: 500000 | K4: Paid | L4: =_xlfn.XLOOKUP(Sales_Table[[#This Row],[Product_Name]], Price_List[Product_Name], Price_List[Standard_Price], 0) -> 120000 | M4: =Sales_Table[[#This Row],[Net_Price]] - Sales_Table[[#This Row],[Standard_Price]] -> 130000 | N4: =_xlfn.XLOOKUP(Sales_Table[[#This Row],[Customer_Name]],Calculations!$A$2:$A$6,Calculations!$C$2:$C$6) -> Silver
A5: SO004 | B5: 46085 | C5: Lotte Mart | D5: Wholesale | E5: TP.HCM | F5: Cà Phê Arabica Cầu Đất | G5: Coffee | H5: 5 | I5: 5000000 | J5: 25000000 | K5: Unpaid | L5: =_xlfn.XLOOKUP(Sales_Table[[#This Row],[Product_Name]], Price_List[Product_Name], Price_List[Standard_Price], 0) -> 180000 | M5: =Sales_Table[[#This Row],[Net_Price]] - Sales_Table[[#This Row],[Standard_Price]] -> 4820000 | N5: =_xlfn.XLOOKUP(Sales_Table[[#This Row],[Customer_Name]],Calculations!$A$2:$A$6,Calculations!$C$2:$C$6) -> Diamond
A6: SO005 | B6: 46086 | C6: Cửa hàng H-Tea Q7 | D6: Retail | E6: TP.HCM | F6: Trà Oolong Thượng Hạng | G6: Tea | H6: 3 | I6: 250000 | J6: 750000 | K6: Paid | L6: =_xlfn.XLOOKUP(Sales_Table[[#This Row],[Product_Name]], Price_List[Product_Name], Price_List[Standard_Price], 0) -> 120000 | M6: =Sales_Table[[#This Row],[Net_Price]] - Sales_Table[[#This Row],[Standard_Price]] -> 130000 | N6: =_xlfn.XLOOKUP(Sales_Table[[#This Row],[Customer_Name]],Calculations!$A$2:$A$6,Calculations!$C$2:$C$6) -> Silver
A7: SO006 | B7: 46087 | C7: Siêu thị WinMart | D7: Wholesale | E7: Hà Nội | F7: Cà Phê Arabica Cầu Đất | G7: Coffee | H7: 2 | I7: 5000000 | J7: 10000000 | K7: Paid | L7: =_xlfn.XLOOKUP(Sales_Table[[#This Row],[Product_Name]], Price_List[Product_Name], Price_List[Standard_Price], 0) -> 180000 | M7: =Sales_Table[[#This Row],[Net_Price]] - Sales_Table[[#This Row],[Standard_Price]] -> 4820000 | N7: =_xlfn.XLOOKUP(Sales_Table[[#This Row],[Customer_Name]],Calculations!$A$2:$A$6,Calculations!$C$2:$C$6) -> Diamond
A8: SO007 | B8: 46088 | C8: Đại lý Trung Nguyên | D8: Wholesale | E8: Buôn Ma Thuột | F8: Cà Phê Robusta Honey | G8: Coffee | H8: 3 | I8: 3500000 | J8: 10500000 | K8: Unpaid | L8: =_xlfn.XLOOKUP(Sales_Table[[#This Row],[Product_Name]], Price_List[Product_Name], Price_List[Standard_Price], 0) -> 150000 | M8: =Sales_Table[[#This Row],[Net_Price]] - Sales_Table[[#This Row],[Standard_Price]] -> 3350000 | N8: =_xlfn.XLOOKUP(Sales_Table[[#This Row],[Customer_Name]],Calculations!$A$2:$A$6,Calculations!$C$2:$C$6) -> Gold
A9: SO008 | B9: 46089 | C9: Cửa hàng H-Tea Q1 | D9: Retail | E9: TP.HCM | F9: Trà Oolong Thượng Hạng | G9: Tea | H9: 1 | I9: 250000 | J9: 250000 | K9: Paid | L9: =_xlfn.XLOOKUP(Sales_Table[[#This Row],[Product_Name]], Price_List[Product_Name], Price_List[Standard_Price], 0) -> 120000 | M9: =Sales_Table[[#This Row],[Net_Price]] - Sales_Table[[#This Row],[Standard_Price]] -> 130000 | N9: =_xlfn.XLOOKUP(Sales_Table[[#This Row],[Customer_Name]],Calculations!$A$2:$A$6,Calculations!$C$2:$C$6) -> Silver
A10: SO009 | B10: 46090 | C10: Lotte Mart | D10: Wholesale | E10: TP.HCM | F10: Cà Phê Arabica Cầu Đất | G10: Coffee | H10: 3 | I10: 5000000 | J10: 15000000 | K10: Unpaid | L10: =_xlfn.XLOOKUP(Sales_Table[[#This Row],[Product_Name]], Price_List[Product_Name], Price_List[Standard_Price], 0) -> 180000 | M10: =Sales_Table[[#This Row],[Net_Price]] - Sales_Table[[#This Row],[Standard_Price]] -> 4820000 | N10: =_xlfn.XLOOKUP(Sales_Table[[#This Row],[Customer_Name]],Calculations!$A$2:$A$6,Calculations!$C$2:$C$6) -> Diamond
A11: SO010 | B11: 46091 | C11: Cửa hàng H-Tea Q7 | D11: Retail | E11: TP.HCM | F11: Trà Oolong Thượng Hạng | G11: Tea | H11: 5 | I11: 250000 | J11: 1250000 | K11: Paid | L11: =_xlfn.XLOOKUP(Sales_Table[[#This Row],[Product_Name]], Price_List[Product_Name], Price_List[Standard_Price], 0) -> 120000 | M11: =Sales_Table[[#This Row],[Net_Price]] - Sales_Table[[#This Row],[Standard_Price]] -> 130000 | N11: =_xlfn.XLOOKUP(Sales_Table[[#This Row],[Customer_Name]],Calculations!$A$2:$A$6,Calculations!$C$2:$C$6) -> Silver
A12: SO011 | B12: 46092 | C12: Siêu thị WinMart | D12: Wholesale | E12: Hà Nội | F12: Cà Phê Arabica Cầu Đất | G12: Coffee | H12: 1 | I12: 5000000 | J12: 5000000 | K12: Paid | L12: =_xlfn.XLOOKUP(Sales_Table[[#This Row],[Product_Name]], Price_List[Product_Name], Price_List[Standard_Price], 0) -> 180000 | M12: =Sales_Table[[#This Row],[Net_Price]] - Sales_Table[[#This Row],[Standard_Price]] -> 4820000 | N12: =_xlfn.XLOOKUP(Sales_Table[[#This Row],[Customer_Name]],Calculations!$A$2:$A$6,Calculations!$C$2:$C$6) -> Diamond
A13: SO012 | B13: 46093 | C13: Đại lý Trung Nguyên | D13: Wholesale | E13: Buôn Ma Thuột | F13: Cà Phê Robusta Honey | G13: Coffee | H13: 1 | I13: 3500000 | J13: 3500000 | K13: Unpaid | L13: =_xlfn.XLOOKUP(Sales_Table[[#This Row],[Product_Name]], Price_List[Product_Name], Price_List[Standard_Price], 0) -> 150000 | M13: =Sales_Table[[#This Row],[Net_Price]] - Sales_Table[[#This Row],[Standard_Price]] -> 3350000 | N13: =_xlfn.XLOOKUP(Sales_Table[[#This Row],[Customer_Name]],Calculations!$A$2:$A$6,Calculations!$C$2:$C$6) -> Gold
... A21: SO020 | B21: 46101 | C21: Cửa hàng H-Tea Q7 | D21: Retail | E21: TP.HCM | F21: Trà Oolong Thượng Hạng | G21: Tea | H21: 1 | I21: 250000 | J21: 250000 | K21: Paid | L21: =_xlfn.XLOOKUP(Sales_Table[[#This Row],[Product_Name]], Price_List[Product_Name], Price_List[Standard_Price], 0) -> 120000 | M21: =Sales_Table[[#This Row],[Net_Price]] - Sales_Table[[#This Row],[Standard_Price]] -> 130000 | N21: =_xlfn.XLOOKUP(Sales_Table[[#This Row],[Customer_Name]],Calculations!$A$2:$A$6,Calculations!$C$2:$C$6) -> Silver

Sheet Dashboard

Sheet Calculations1
A3: Row Labels | B3: Count of Customer_Name
A4: Diamond | B4: 8 | C4: =B4/B7 -> #DIV/0! | D4: =C4 -> #DIV/0!
A5: Grand Total | B5: 8
A9: Row Labels | B9: Sum of Line_Total
A10: Diamond | B10: 175000000
A11: Grand Total | B11: 175000000
A22: Row Labels | B22: Sum of Line_Total
A23: Cà Phê Arabica Cầu Đất | B23: 175000000
A24: Grand Total | B24: 175000000
A40: Row Labels | B40: Sum of Line_Total
A41: Hà Nội | B41: 50000000
A42: TP.HCM | B42: 125000000
A43: Grand Total | B43: 175000000

Sheet Calculations
A1: Row Labels | B1: Sum of Line_Total | C1: Loyalty Rank
A2: Cửa hàng H-Tea Q1 | B2: 2100000 | C2: {=_xlfn.IFS( B2 >= 50000000, "Diamond", B2 >= 20000000, "Gold", TRUE, "Silver" )} -> Silver
A3: Cửa hàng H-Tea Q7 | B3: 2420000 | C3: {=_xlfn.IFS( B3 >= 50000000, "Diamond", B3 >= 20000000, "Gold", TRUE, "Silver" )} -> Silver
A4: Đại lý Trung Nguyên | B4: 28000000 | C4: {=_xlfn.IFS( B4 >= 50000000, "Diamond", B4 >= 20000000, "Gold", TRUE, "Silver" )} -> Gold
A5: Lotte Mart | B5: 125000000 | C5: {=_xlfn.IFS( B5 >= 50000000, "Diamond", B5 >= 20000000, "Gold", TRUE, "Silver" )} -> Diamond
A6: Siêu thị WinMart | B6: 50000000 | C6: {=_xlfn.IFS( B6 >= 50000000, "Diamond", B6 >= 20000000, "Gold", TRUE, "Silver" )} -> Diamond
A7: Grand Total | B7: 207520000
A11: Sum of Line_Total
A12: 207520000 | B12: =A12 -> 207520000
A14: Count of Order_ID
A15: 20 | B15: =A15 -> 20
A17: Count of Order_ID
A18: 20

Sheet Lookup_Lists
A2: Customer_N | C2: Customer_G | E2: Cities | G2: Product_N
A3: Siêu thị WinMart | C3: Wholesale | E3: Hà Nội | G3: Cà Phê Arabica Cầu Đất
A4: Đại lý Trung Nguyên | C4: Retail | E4: Buôn Ma Thuột | G4: Cà Phê Robusta Honey
A5: Cửa hàng H-Tea Q1 | E5: TP.HCM | G5: Trà Oolong Thượng Hạng
A6: Lotte Mart | G6: Trà Sen Túi Lọc
A7: Cửa hàng H-Tea Q7

Sheet Master_Data
A1: Product_Name | B1: Standard_Price
A2: Cà Phê Arabica Cầu Đất | B2: 180000
A3: Cà Phê Robusta Honey | B3: 150000
A4: Trà Oolong Thượng Hạng | B4: 120000
A5: Cà Phê Arabica Cầu Đất | B5: 100000
A6: Trà Sen Túi Lọc | B6: 110000
